posting_id,skill
1,Tableau
1,Power BI
1,Snowflake
2,Snowflake
2,R
2,Databricks
3,Azure
3,Python
3,Git
4,Snowflake
4,SQL
4,Python
5,Kubernetes
5,SQL
5,Azure
6,Looker
6,Python
6,dbt
7,Kubernetes
7,JavaScript
7,TypeScript
8,SQL
8,dbt
8,Python
8,Databricks
8,Power BI
9,Kubernetes
9,Node.js
10,AWS
10,.NET
11,AWS
11,TypeScript
11,Java
11,Git
12,.NET
12,TypeScript
12,Kubernetes
12,Node.js
13,Excel
13,GCP
14,Spark
14,R
14,Azure
15,AWS
15,Databricks
15,Azure
15,Snowflake
16,Power BI
16,AWS
16,Databricks
16,Spark
16,Azure
17,Tableau
17,Looker
17,AWS
17,Python
17,Power BI
18,Snowflake
18,Airflow
19,SQL
19,Excel
19,Tableau
19,Looker
19,Snowflake
20,AWS
20,Docker
20,Angular
21,Docker
21,Angular
22,SQL
22,Databricks
22,Snowflake
22,GCP
23,JavaScript
23,Azure
24,TypeScript
24,Python
25,Spring Boot
25,Azure
25,TypeScript
25,Git
26,dbt
26,R
26,Snowflake
26,Tableau
26,Spark
27,Java
27,Azure
27,TypeScript
28,Java
28,Python
28,React
28,JavaScript
29,Python
29,Snowflake
29,AWS
29,Databricks
30,AWS
30,Azure
30,Spring Boot
30,Angular
31,Node.js
31,Kubernetes
31,.NET
31,Java
32,Spark
32,GCP
33,Azure
33,AWS
34,dbt
34,AWS
35,Git
35,AWS
35,.NET
35,SQL
36,R
36,Tableau
36,Spark
36,Azure
36,SQL
37,SQL
37,AWS
37,Looker
38,Node.js
38,.NET
38,Git
38,Spring Boot
39,Angular
39,.NET
39,Docker
39,JavaScript
39,AWS
40,Tableau
40,Azure
40,Airflow
40,dbt
41,R
41,SQL
41,dbt
42,Git
42,SQL
42,React
43,Docker
43,Python
44,.NET
44,CI
44,CD
45,Git
45,Spring Boot
45,.NET
45,SQL
45,AWS
46,Angular
46,Docker
46,TypeScript
46,CI
46,CD
47,GCP
47,dbt
47,Tableau
47,Snowflake
47,Azure
48,GCP
48,Databricks
48,Airflow
48,AWS
48,Looker
49,Tableau
49,Databricks
49,Snowflake
50,Kubernetes
50,Java
50,Git
51,Kubernetes
51,.NET
52,Tableau
52,SQL
53,TypeScript
53,Node.js
54,Snowflake
54,Excel
54,Azure
54,Spark
54,Python
55,Looker
55,Power BI
55,SQL
55,Python
56,Git
56,Python
56,AWS
56,Java
56,Spring Boot
57,Git
57,CI
57,CD
57,React
57,JavaScript
57,AWS
58,Snowflake
58,Azure
58,Spark
58,R
58,AWS
59,AWS
59,Python
59,Tableau
59,GCP
59,Airflow
60,Java
60,Azure
61,AWS
61,Kubernetes
61,SQL
61,React
61,Spring Boot
62,Airflow
62,dbt
62,GCP
62,Spark
62,Python
63,Git
63,CI
63,CD
63,Angular
63,TypeScript
63,SQL
64,GCP
64,Excel
64,Airflow
65,Excel
65,Snowflake
65,AWS
65,R
66,Snowflake
66,SQL
66,AWS
67,SQL
67,Spring Boot
67,JavaScript
67,TypeScript
68,Azure
68,R
68,Spark
69,Git
69,.NET
69,React
69,TypeScript
70,Node.js
70,React
71,Databricks
71,R
72,React
72,Node.js
72,Kubernetes
73,React
73,Node.js
74,Looker
74,R
74,Airflow
74,SQL
74,Databricks
75,TypeScript
75,JavaScript
75,Java
75,.NET
75,React
76,TypeScript
76,.NET
76,Docker
76,AWS
76,Spring Boot
77,Node.js
77,React
78,Looker
78,dbt
79,R
79,Looker
80,GCP
80,SQL
80,Snowflake
80,Looker
80,Azure
81,AWS
81,R
81,SQL
81,Azure
81,Snowflake
82,TypeScript
82,Node.js
82,SQL
82,Python
82,Azure
83,.NET
83,Angular
83,Azure
83,React
84,GCP
84,Python
84,Excel
85,React
85,Azure
85,Docker
86,Power BI
86,Spark
87,Snowflake
87,GCP
88,dbt
88,Excel
88,Python
89,SQL
89,Spring Boot
90,dbt
90,Power BI
90,Databricks
91,AWS
91,Looker
92,TypeScript
92,Spring Boot
92,Java
92,Angular
93,Azure
93,TypeScript
93,Angular
93,Node.js
94,Excel
94,Power BI
94,dbt
95,Git
95,Python
95,Docker
96,AWS
96,Python
96,Azure
96,Git
97,TypeScript
97,Node.js
97,.NET
97,Angular
97,SQL
98,Azure
98,CI
98,CD
98,AWS
98,Java
98,Git
99,Azure
99,Python
99,AWS
100,JavaScript
100,Azure
100,Git
101,SQL
101,Spark
101,dbt
102,Python
102,AWS
102,Airflow
102,R
102,Tableau
103,Git
103,Docker
103,Node.js
103,React
104,TypeScript
104,React
105,Python
105,Spring Boot
105,Kubernetes
105,Angular
105,TypeScript
106,dbt
106,Snowflake
106,Azure
107,SQL
107,dbt
107,Spark
107,Tableau
107,Looker
108,Spark
108,AWS
108,Python
109,Node.js
109,.NET
110,Power BI
110,Python
110,Airflow
110,GCP
111,Spark
111,Tableau
112,Airflow
112,Looker
112,dbt
112,Python
113,Angular
113,Docker
113,SQL
113,Git
114,SQL
114,Airflow
115,Spark
115,R
115,dbt
115,Python
115,SQL
116,AWS
116,Excel
116,Python
116,Looker
117,TypeScript
117,Java
117,SQL
118,TypeScript
118,JavaScript
118,.NET
119,AWS
119,.NET
119,JavaScript
119,SQL
120,Git
120,Node.js
120,Kubernetes
120,JavaScript
121,Azure
121,Databricks
122,Databricks
122,Snowflake
122,Tableau
122,Airflow
123,Power BI
123,R
123,Excel
124,Java
124,Docker
124,Azure
124,Kubernetes
124,React
125,Azure
125,Tableau
125,Airflow
125,Excel
125,Power BI
126,Tableau
126,Power BI
126,SQL
126,Python
126,Spark
127,Java
127,Python
127,Spring Boot
127,Kubernetes
127,Docker
128,Databricks
128,Spark
128,Snowflake
129,TypeScript
129,JavaScript
129,Python
129,Spring Boot
130,dbt
130,Azure
130,GCP
130,Looker
131,AWS
131,Docker
131,.NET
131,Java
131,Angular
132,Snowflake
132,Python
132,Excel
133,AWS
133,Power BI
133,Databricks
133,Snowflake
134,Azure
134,JavaScript
134,Docker
134,Kubernetes
134,Angular
135,Spring Boot
135,SQL
135,Git
135,Docker
136,Python
136,React
136,SQL
136,CI
136,CD
137,Docker
137,Java
137,Azure
138,AWS
138,R
138,Azure
139,GCP
139,Snowflake
139,Looker
140,TypeScript
140,Git
140,Angular
140,React
141,Angular
141,Java
141,SQL
141,CI
141,CD
142,CI
142,CD
142,Angular
142,TypeScript
143,Git
143,React
144,AWS
144,Snowflake
144,GCP
144,Azure
145,Excel
145,GCP
145,Power BI
146,.NET
146,Docker
146,AWS
147,Airflow
147,Snowflake
147,SQL
147,GCP
147,Python
148,Node.js
148,Spring Boot
148,Python
148,Azure
148,CI
148,CD
149,dbt
149,Python
150,Python
150,Node.js
151,Snowflake
151,Python
151,AWS
152,.NET
152,React
152,Git
153,.NET
153,JavaScript
153,React
153,Spring Boot
153,Git
154,AWS
154,Tableau
154,Spark
155,JavaScript
155,TypeScript
156,Databricks
156,Tableau
156,Snowflake
156,Excel
156,Looker
157,TypeScript
157,Node.js
157,SQL
157,Docker
157,Angular
158,Docker
158,Spring Boot
158,AWS
158,TypeScript
159,Power BI
159,Snowflake
159,GCP
160,React
160,Java
161,AWS
161,Java
161,Kubernetes
161,SQL
162,Spark
162,dbt
162,AWS
162,SQL
163,Python
163,Azure
163,Java
163,SQL
163,JavaScript
164,Python
164,SQL
164,R
164,Spark
165,Docker
165,AWS
165,.NET
166,Excel
166,dbt
166,Databricks
166,Looker
167,Angular
167,Azure
167,AWS
167,Git
167,Spring Boot
168,Airflow
168,Databricks
168,SQL
168,dbt
168,Python
169,TypeScript
169,Java
169,Python
169,Angular
169,Kubernetes
170,Excel
170,GCP
170,Power BI
171,AWS
171,Spark
171,Azure
171,SQL
172,Node.js
172,CI
172,CD
172,.NET
172,Angular
173,AWS
173,SQL
173,Git
173,Azure
174,R
174,dbt
174,GCP
175,Kubernetes
175,Azure
175,JavaScript
176,TypeScript
176,Node.js
177,Azure
177,Airflow
177,AWS
178,React
178,Angular
179,TypeScript
179,Java
180,Tableau
180,dbt
180,AWS
180,R
180,Power BI
181,dbt
181,Snowflake
181,Databricks
181,SQL
182,Excel
182,AWS
182,Databricks
182,Looker
183,SQL
183,Power BI
183,Airflow
183,Snowflake
184,Power BI
184,Databricks
184,Airflow
184,Azure
185,Git
185,Docker
185,JavaScript
185,Python
185,AWS
186,TypeScript
186,React
187,Spark
187,Airflow
187,SQL
187,Azure
187,dbt
188,Excel
188,GCP
188,Power BI
188,Airflow
189,React
189,TypeScript
189,JavaScript
190,Node.js
190,Kubernetes
191,Looker
191,SQL
191,dbt
191,GCP
192,Databricks
192,R
192,dbt
192,Python
193,Snowflake
193,Power BI
193,R
194,AWS
194,R
194,SQL
195,Python
195,Snowflake
196,Airflow
196,Databricks
197,Databricks
197,AWS
197,Excel
198,Kubernetes
198,Azure
198,Python
199,dbt
199,Databricks
200,SQL
200,Kubernetes
200,Azure
200,JavaScript
200,Docker
201,.NET
201,SQL
201,Spring Boot
201,Python
201,Azure
202,.NET
202,SQL
202,CI
202,CD
202,TypeScript
203,Python
203,Snowflake
204,Java
204,Angular
205,Angular
205,React
205,Node.js
205,Python
206,Python
206,Kubernetes
206,Node.js
207,Power BI
207,Tableau
208,AWS
208,SQL
208,CI
208,CD
208,TypeScript
209,Airflow
209,Python
210,JavaScript
210,Java
210,TypeScript
210,Kubernetes
211,.NET
211,Azure
212,React
212,Node.js
212,Git
213,Git
213,React
213,Docker
214,AWS
214,GCP
214,Python
214,R
215,Java
215,CI
215,CD
216,JavaScript
216,TypeScript
217,Azure
217,Python
217,AWS
217,R
217,dbt
218,Azure
218,AWS
218,GCP
218,Databricks
219,AWS
219,dbt
220,Databricks
220,dbt
221,Excel
221,Looker
221,dbt
222,React
222,AWS
222,TypeScript
222,Node.js
223,Airflow
223,Excel
224,SQL
224,Airflow
224,Snowflake
224,R
225,Angular
225,SQL
225,Kubernetes
225,Git
226,Python
226,JavaScript
226,AWS
226,Angular
226,.NET
227,Git
227,Java
227,React
227,TypeScript
228,.NET
228,Docker
228,Spring Boot
229,JavaScript
229,Angular
230,.NET
230,JavaScript
230,Java
231,Node.js
231,AWS
232,Spring Boot
232,Python
232,Java
232,TypeScript
232,JavaScript
233,Angular
233,CI
233,CD
233,Spring Boot
233,Git
233,JavaScript
234,R
234,Airflow
235,AWS
235,Python
235,Spring Boot
235,SQL
235,Java
236,AWS
236,SQL
237,GCP
237,Airflow
237,Spark
237,Databricks
237,Azure
238,Looker
238,GCP
238,Airflow
238,AWS
239,AWS
239,Airflow
240,Kubernetes
240,.NET
240,Docker
240,SQL
241,Git
241,TypeScript
241,.NET
242,Java
242,JavaScript
242,TypeScript
243,R
243,SQL
243,Databricks
243,Python
243,Tableau
244,Power BI
244,Looker
245,Databricks
245,Power BI
245,R
245,Looker
245,Excel
246,AWS
246,Azure
246,Kubernetes
246,CI
246,CD
246,Spring Boot
247,R
247,Airflow
247,Spark
247,dbt
248,CI
248,CD
248,React
249,AWS
249,Python
249,Docker
250,Azure
250,Angular
250,React
250,AWS
250,.NET
251,React
251,JavaScript
252,Python
252,Java
252,Docker
252,React
253,Java
253,CI
253,CD
253,Kubernetes
253,TypeScript
253,SQL
254,AWS
254,JavaScript
254,Python
254,Java
254,React
255,Java
255,TypeScript
255,Git
255,SQL
255,JavaScript
256,Excel
256,Python
257,Tableau
257,Snowflake
257,R
258,Tableau
258,Excel
258,Databricks
258,Spark
258,GCP
259,JavaScript
259,Git
260,Azure
260,Python
260,SQL
260,Power BI
261,Airflow
261,Azure
261,Excel
261,Spark
262,Angular
262,Python
262,JavaScript
262,SQL
262,Node.js
263,React
263,Docker
264,AWS
264,R
265,Looker
265,Power BI
265,SQL
265,Azure
265,Airflow
266,JavaScript
266,.NET
266,Docker
266,Git
266,Angular
267,R
267,Databricks
267,Azure
268,Docker
268,Java
269,Spark
269,Excel
270,TypeScript
270,Node.js
271,Angular
271,SQL
271,.NET
272,React
272,JavaScript
272,Spring Boot
272,AWS
272,SQL
273,Azure
273,SQL
273,Python
274,R
274,Python
275,SQL
275,.NET
276,dbt
276,R
276,Airflow
276,GCP
276,Python
277,Azure
277,Power BI
277,R
277,SQL
278,Java
278,Angular
278,Docker
278,SQL
279,Angular
279,Kubernetes
279,Python
280,CI
280,CD
280,Kubernetes
280,.NET
281,Databricks
281,dbt
281,SQL
281,AWS
281,Spark
282,GCP
282,SQL
282,Looker
282,Power BI
283,JavaScript
283,SQL
283,Azure
283,CI
283,CD
283,Java
284,AWS
284,Databricks
284,Azure
284,R
285,Spark
285,dbt
286,dbt
286,Databricks
286,GCP
286,Spark
286,R
287,Spark
287,Tableau
288,Git
288,Azure
289,Docker
289,Python
289,React
290,AWS
290,Power BI
290,Python
290,Airflow
291,SQL
291,Node.js
291,React
291,Docker
291,Kubernetes
292,Looker
292,Excel
293,Power BI
293,Azure
293,GCP
293,dbt
294,Airflow
294,Python
294,Tableau
294,Azure
294,dbt
295,Snowflake
295,GCP
296,GCP
296,AWS
296,Airflow
297,Power BI
297,Databricks
297,Looker
298,.NET
298,Java
298,TypeScript
299,Excel
299,Databricks
299,R
299,Python
299,dbt
300,Kubernetes
300,JavaScript
300,SQL
301,Looker
301,Power BI
301,Excel
301,SQL
301,Databricks
302,Airflow
302,Looker
302,Python
302,Snowflake
302,GCP
303,Spark
303,Excel
304,AWS
304,Airflow
304,SQL
304,Power BI
305,Angular
305,CI
305,CD
305,Kubernetes
305,.NET
305,Docker
306,dbt
306,Airflow
306,Databricks
306,GCP
306,Excel
307,SQL
307,Python
307,AWS
308,Tableau
308,Python
308,dbt
308,Excel
309,dbt
309,AWS
309,Airflow
309,R
310,Spring Boot
310,Docker
310,CI
310,CD
311,dbt
311,GCP
312,Java
312,Docker
312,Python
312,React
312,.NET
313,Spark
313,SQL
313,AWS
314,Spring Boot
314,TypeScript
314,SQL
314,Git
314,React
315,dbt
315,Looker
316,AWS
316,Tableau
316,dbt
316,Excel
317,Airflow
317,Snowflake
317,Python
317,dbt
317,R
318,SQL
318,JavaScript
318,Docker
318,Spring Boot
319,Snowflake
319,Spark
320,dbt
320,Azure
320,Spark
320,Databricks
321,Azure
321,React
321,Angular
321,.NET
321,Kubernetes
322,Git
322,CI
322,CD
322,Python
322,Spring Boot
322,AWS
323,Airflow
323,R
323,Spark
323,Snowflake
324,Snowflake
324,Tableau
324,R
325,Python
325,dbt
326,Git
326,Azure
326,JavaScript
326,.NET
327,Git
327,Azure
327,SQL
328,React
328,CI
328,CD
328,Java
328,.NET
329,Java
329,Kubernetes
329,Angular
330,GCP
330,dbt
330,Looker
331,Spark
331,Snowflake
331,Excel
331,Azure
331,Tableau
332,Docker
332,Python
333,Spark
333,dbt
334,Snowflake
334,Python
334,Tableau
335,Spark
335,Azure
336,TypeScript
336,Spring Boot
336,Node.js
336,CI
336,CD
337,Python
337,Java
337,Angular
337,Azure
338,Java
338,SQL
338,Spring Boot
339,Angular
339,Kubernetes
339,CI
339,CD
340,Git
340,Java
340,Node.js
340,Azure
341,AWS
341,Angular
341,Spring Boot
342,SQL
342,Python
342,Excel
343,Databricks
343,Looker
343,SQL
343,Azure
343,R
344,GCP
344,SQL
344,Looker
345,Snowflake
345,R
345,AWS
345,SQL
345,Power BI
346,Azure
346,AWS
346,TypeScript
346,Git
346,Kubernetes
347,Databricks
347,Spark
347,Python
348,Power BI
348,Databricks
348,Spark
348,Airflow
349,Power BI
349,Azure
349,Snowflake
349,dbt
349,Excel
350,Java
350,Azure
350,Node.js
351,dbt
351,Excel
351,Looker
351,GCP
351,SQL
352,Spark
352,SQL
352,AWS
352,GCP
352,dbt
353,Airflow
353,R
353,Excel
353,SQL
353,Snowflake
354,Azure
354,Python
354,Tableau
355,Azure
355,Databricks
355,Python
355,Airflow
356,Tableau
356,dbt
356,Snowflake
356,Excel
357,AWS
357,GCP
357,Snowflake
358,Airflow
358,Azure
358,AWS
358,Snowflake
359,Docker
359,JavaScript
359,Angular
359,Spring Boot
360,Databricks
360,Excel
360,Airflow
360,Azure
361,.NET
361,Git
361,Node.js
362,Azure
362,Git
363,Excel
363,Tableau
363,Looker
364,Docker
364,Java
364,Spring Boot
365,.NET
365,Spring Boot
365,Node.js
366,GCP
366,Databricks
366,AWS
367,Angular
367,Spring Boot
367,React
367,AWS
367,Java
368,Python
368,Power BI
368,Azure
368,Excel
368,Tableau
369,Angular
369,Spring Boot
369,Kubernetes
369,Git
369,Java
370,Spark
370,R
370,Power BI
370,SQL
370,dbt
371,Tableau
371,Excel
371,R
372,R
372,Airflow
373,Angular
373,Docker
373,SQL
373,AWS
374,Spark
374,Azure
375,Azure
375,Snowflake
376,Angular
376,Git
376,AWS
376,TypeScript
376,SQL
377,Python
377,Airflow
377,Looker
377,GCP
377,R
378,Azure
378,Spring Boot
378,SQL
378,AWS
379,Azure
379,dbt
379,AWS
379,Snowflake
380,React
380,CI
380,CD
381,JavaScript
381,Docker
381,TypeScript
381,Angular
381,Git
382,Spring Boot
382,Angular
382,Docker
383,Java
383,React
384,Azure
384,TypeScript
384,Git
385,Tableau
385,GCP
386,Java
386,Docker
386,Azure
387,Git
387,AWS
388,Databricks
388,Airflow
388,AWS
388,Power BI
389,Spark
389,dbt
389,Airflow
390,AWS
390,Excel
390,Databricks
390,Tableau
390,Looker
391,Excel
391,dbt
391,Airflow
391,GCP
391,Tableau
392,AWS
392,SQL
392,Excel
392,Looker
393,R
393,Power BI
393,Azure
394,JavaScript
394,AWS
394,Java
394,Git
395,Docker
395,Spring Boot
396,Tableau
396,GCP
396,AWS
397,Power BI
397,SQL
397,Databricks
397,R
397,AWS
398,.NET
398,AWS
398,Java
399,Excel
399,Azure
400,Excel
400,Python
400,Airflow
400,GCP
401,Python
401,R
401,Azure
401,Excel
402,Spark
402,Power BI
402,Excel
402,Databricks
403,Docker
403,CI
403,CD
403,JavaScript
403,Node.js
404,Excel
404,Snowflake
404,Airflow
405,Node.js
405,Azure
405,SQL
406,TypeScript
406,Git
407,Docker
407,SQL
407,Azure
407,AWS
407,TypeScript
408,SQL
408,TypeScript
408,CI
408,CD
408,React
408,Node.js
409,Looker
409,Excel
410,Kubernetes
410,Node.js
410,Spring Boot
410,SQL
410,Azure
411,Kubernetes
411,JavaScript
411,Docker
411,Python
412,Python
412,SQL
413,Java
413,Kubernetes
413,SQL
413,Node.js
413,Docker
414,Python
414,Azure
414,Git
414,CI
414,CD
414,Angular
415,Snowflake
415,AWS
415,SQL
415,R
416,AWS
416,SQL
416,dbt
416,GCP
416,R
417,R
417,Looker
417,GCP
417,Power BI
417,Excel
418,Power BI
418,R
419,dbt
419,Tableau
420,SQL
420,Databricks
420,Spark
420,Power BI
421,Python
421,Azure
421,SQL
422,Kubernetes
422,CI
422,CD
422,Docker
423,Spring Boot
423,Python
423,Kubernetes
424,Azure
424,Power BI
424,Looker
424,R
424,Python
425,Power BI
425,dbt
425,Python
426,dbt
426,SQL
426,Airflow
427,Databricks
427,AWS
428,Airflow
428,Power BI
428,Python
429,AWS
429,CI
429,CD
429,JavaScript
430,.NET
430,SQL
431,AWS
431,GCP
432,Power BI
432,Airflow
432,Spark
433,Looker
433,Snowflake
433,AWS
434,dbt
434,R
434,SQL
435,Angular
435,Azure
435,Kubernetes
435,SQL
436,Docker
436,Angular
436,Git
437,AWS
437,Docker
437,CI
437,CD
437,Angular
437,Azure
438,Power BI
438,Spark
439,CI
439,CD
439,Angular
439,Spring Boot
440,CI
440,CD
440,AWS
440,Azure
440,SQL
441,React
441,Angular
442,Airflow
442,Excel
443,Git
443,Kubernetes
443,JavaScript
443,CI
443,CD
444,R
444,Snowflake
444,Spark
444,Azure
445,Python
445,AWS
445,Excel
445,Tableau
446,R
446,Databricks
446,SQL
446,GCP
446,AWS
447,AWS
447,Angular
448,React
448,.NET
448,AWS
448,Git
448,Python
449,Power BI
449,GCP
449,Azure
449,Snowflake
449,Excel
450,Git
450,TypeScript
450,Java
450,Node.js
450,.NET
451,TypeScript
451,Node.js
452,Java
452,.NET
452,React
452,JavaScript
453,Python
453,Spark
453,Looker
453,GCP
454,SQL
454,.NET
455,Spring Boot
455,JavaScript
456,Spark
456,Snowflake
456,Airflow
456,Power BI
457,Spark
457,Power BI
457,Tableau
458,Azure
458,SQL
459,R
459,Airflow
459,Python
460,Snowflake
460,Tableau
460,Spark
461,Looker
461,Airflow
461,AWS
462,GCP
462,Snowflake
462,Python
462,SQL
463,.NET
463,TypeScript
463,CI
463,CD
463,Python
464,Snowflake
464,Excel
464,SQL
464,Databricks
464,Power BI
465,Node.js
465,Angular
465,Docker
465,Azure
466,Java
466,Python
466,SQL
467,dbt
467,Azure
467,Tableau
467,Spark
467,R
468,Git
468,Java
468,CI
468,CD
468,JavaScript
468,Kubernetes
469,CI
469,CD
469,Docker
469,Kubernetes
469,JavaScript
469,.NET
470,Looker
470,Airflow
470,Databricks
471,Docker
471,TypeScript
471,Azure
472,Azure
472,R
473,CI
473,CD
473,Python
474,CI
474,CD
474,Azure
474,.NET
475,TypeScript
475,AWS
476,AWS
476,R
476,GCP
476,Airflow
477,.NET
477,Git
477,AWS
477,SQL
478,JavaScript
478,Azure
478,TypeScript
478,Spring Boot
479,Azure
479,GCP
479,AWS
479,dbt
479,R
480,dbt
480,Python
480,Looker
480,SQL
480,Airflow
481,GCP
481,R
482,.NET
482,TypeScript
482,JavaScript
483,Airflow
483,GCP
484,Snowflake
484,dbt
485,AWS
485,Python
485,Databricks
485,Spark
485,Snowflake
486,CI
486,CD
486,Docker
487,Git
487,SQL
487,Java
487,Node.js
488,Angular
488,TypeScript
489,Tableau
489,SQL
489,AWS
489,Airflow
490,Node.js
490,AWS
491,dbt
491,Azure
491,R
491,Looker
491,SQL
492,Looker
492,Spark
492,Snowflake
493,JavaScript
493,Java
493,Docker
493,CI
493,CD
493,Angular
494,Databricks
494,Airflow
494,Excel
494,R
494,dbt
495,Angular
495,React
496,Python
496,JavaScript
496,Docker
496,React
497,GCP
497,Looker
497,R
498,AWS
498,SQL
498,Azure
498,Python
498,dbt
499,Looker
499,Power BI
499,Snowflake
500,Databricks
500,Airflow
501,Azure
501,R
501,Spark
501,Excel
501,Looker
502,dbt
502,Python
502,Snowflake
502,SQL
503,dbt
503,AWS
503,Spark
503,R
503,Snowflake
504,Azure
504,Databricks
504,AWS
505,Git
505,Azure
505,TypeScript
505,CI
505,CD
506,React
506,JavaScript
506,Azure
506,CI
506,CD
507,SQL
507,React
507,AWS
507,Python
508,Excel
508,Snowflake
508,Azure
508,R
509,Java
509,CI
509,CD
509,Spring Boot
509,Python
509,Git
510,SQL
510,Looker
510,Python
511,Azure
511,AWS
511,Python
512,Airflow
512,Python
513,Docker
513,SQL
513,Java
513,Kubernetes
513,.NET
514,Angular
514,React
515,Angular
515,AWS
515,TypeScript
515,React
515,SQL
516,Java
516,Angular
517,Spark
517,Airflow
517,dbt
517,Looker
517,Python
518,GCP
518,SQL
519,TypeScript
519,JavaScript
519,Azure
519,Angular
519,Node.js
520,SQL
520,CI
520,CD
520,Node.js
520,Spring Boot
521,Java
521,Docker
521,JavaScript
521,Node.js
522,Python
522,Azure
522,SQL
523,Node.js
523,Docker
523,Azure
524,Snowflake
524,Databricks
524,Looker
524,Power BI
524,GCP
525,Tableau
525,Looker
525,dbt
525,Spark
526,AWS
526,CI
526,CD
526,SQL
526,Java
526,Docker
527,SQL
527,Airflow
527,GCP
528,Azure
528,Tableau
528,Databricks
529,Angular
529,JavaScript
529,Kubernetes
529,Git
529,Docker
530,Databricks
530,SQL
530,Excel
530,AWS
531,React
531,JavaScript
532,JavaScript
532,.NET
532,Java
532,Spring Boot
533,Azure
533,Python
533,Node.js
534,Java
534,AWS
534,Azure
535,SQL
535,R
536,Java
536,Angular
536,Spring Boot
536,JavaScript
536,.NET
537,Spark
537,AWS
537,R
538,Spark
538,AWS
538,SQL
538,Python
539,JavaScript
539,Docker
539,Java
539,Spring Boot
539,Azure
540,React
540,Angular
540,Kubernetes
541,Python
541,Git
542,SQL
542,AWS
542,Snowflake
542,Databricks
543,Docker
543,Azure
543,Angular
543,.NET
544,dbt
544,AWS
544,GCP
544,SQL
544,R
545,Git
545,Angular
546,Tableau
546,Azure
546,Airflow
547,Spring Boot
547,Azure
547,SQL
548,Tableau
548,Looker
548,R
548,Python
549,TypeScript
549,Azure
549,Kubernetes
549,Docker
550,Azure
550,Python
550,AWS
551,Python
551,Azure
552,GCP
552,dbt
552,Tableau
552,SQL
553,Python
553,Git
553,Node.js
554,SQL
554,Excel
554,dbt
554,AWS
554,Tableau
555,SQL
555,Databricks
555,Python
556,Angular
556,TypeScript
556,JavaScript
556,Node.js
556,Java
557,SQL
557,Java
557,Kubernetes
557,AWS
558,JavaScript
558,Angular
558,TypeScript
559,Tableau
559,Python
559,R
559,Databricks
559,Snowflake
560,Java
560,Python
560,Angular
560,CI
560,CD
561,Tableau
561,Spark
561,Snowflake
562,R
562,dbt
562,SQL
562,Airflow
562,Tableau
563,Tableau
563,GCP
563,AWS
564,Python
564,Azure
564,Node.js
565,Azure
565,GCP
565,Databricks
565,Power BI
566,Looker
566,Tableau
566,AWS
566,Databricks
566,Spark
567,Git
567,Kubernetes
568,Docker
568,React
568,Azure
568,Python
568,Angular
569,Airflow
569,Tableau
569,R
570,Node.js
570,.NET
570,AWS
570,CI
570,CD
570,Azure
571,Snowflake
571,Looker
571,Azure
571,Airflow
571,SQL
572,Snowflake
572,Python
572,Azure
572,R
573,Power BI
573,Airflow
573,Excel
574,Git
574,Azure
574,React
574,Python
575,Tableau
575,Databricks
575,Spark
575,R
576,Azure
576,Snowflake
576,SQL
576,AWS
576,Tableau
577,Tableau
577,Python
577,Power BI
577,Azure
578,Airflow
578,Snowflake
578,Looker
578,Spark
578,AWS
579,Databricks
579,Looker
579,Power BI
580,GCP
580,dbt
581,Node.js
581,Java
581,Git
582,Power BI
582,Azure
582,Spark
582,Databricks
582,Snowflake
583,Power BI
583,Azure
583,Airflow
583,Databricks
585,Tableau
585,SQL
586,AWS
586,SQL
586,Tableau
586,dbt
586,Looker
587,R
587,Excel
587,Airflow
587,Python
588,Airflow
588,Power BI
588,R
589,Docker
589,Java
590,Spring Boot
590,Azure
590,Java
590,TypeScript
590,SQL
591,Docker
591,.NET
592,Java
592,Python
592,.NET
592,Docker
592,Git
593,Snowflake
593,Azure
593,Spark
593,Power BI
593,Tableau
594,CI
594,CD
594,Python
594,Angular
594,Spring Boot
595,Angular
595,React
595,Spring Boot
596,Java
596,.NET
597,.NET
597,Git
598,Python
598,Azure
598,Spring Boot
598,.NET
600,GCP
600,Databricks
600,R
600,AWS
601,Python
601,Power BI
601,Azure
601,Databricks
602,CI
602,CD
602,JavaScript
602,Kubernetes
603,TypeScript
603,.NET
603,Azure
603,JavaScript
603,Python
604,Python
604,React
605,.NET
605,Angular
605,Git
605,Azure
606,Python
606,Excel
606,SQL
607,R
607,Airflow
608,Node.js
608,React
609,CI
609,CD
609,Azure
610,dbt
610,Spark
610,Tableau
610,Snowflake
610,Looker
611,Azure
611,Spring Boot
612,Spring Boot
612,SQL
612,Python
612,AWS
613,Docker
613,Python
613,Spring Boot
614,Python
614,AWS
614,Angular
615,Spring Boot
615,.NET
615,SQL
616,Node.js
616,Spring Boot
616,Python
616,Kubernetes
617,R
617,Power BI
617,Excel
617,Looker
617,Azure
618,Snowflake
618,Looker
618,Excel
618,SQL
619,Excel
619,AWS
619,Power BI
619,R
